Workbook

Sheet Summary
A1: Region | B1: BROADLEA | C1: CONIFER | D1: SCLEROPH | E1: TRANSIT
A2: Region | E2: Hygrophilous forests
E3: Boschi igrofili
B4: Corg | C4: Corg | D4: Corg | E4: Corg
B5: (Mg ha-1) | C5: (Mg ha-1) | D5: (Mg ha-1) | E5: (Mg ha-1)
A6: Piemonte | B6: 59.316667 | C6: 65.328571 | E6: 40.7
A7: Valle d'Aosta | B7: 63.25 | C7: 62.96 | E7: 0
A8: Lombardia | B8: 64.366667 | C8: 83.783333 | D8: 25.5 | E8: 41.6
A9: Alto Adige | B9: 64.84 | C9: 78.46 | E9: 48.7
A10: Trentino | B10: 65.5 | C10: 89.5 | D10: 12.9 | E10: 67.2
A11: Veneto | B11: 62.84 | C11: 84.15 | D11: 65.7 | E11: 28.6
A12: Friuli V.G. | B12: 73.16 | C12: 83.314286 | E12: 20.3
A13: Liguria | B13: 56.833333 | C13: 75.771429 | D13: 41.5 | E13: 62.6
A14: Emilia Romagna | B14: 53.466667 | C14: 96.15 | D14: 74.4 | E14: 28.6
A15: Toscana | B15: 59.366667 | C15: 123.51667 | D15: 35.2 | E15: 46.4
A16: Umbria | B16: 41.166667 | C16: 63.325 | D16: 52.8 | E16: 54.2
A17: Marche | B17: 50.683333 | C17: 46.85 | D17: 52.8 | E17: 52.1
A18: Lazio | B18: 53.933333 | C18: 118.125 | D18: 32.1 | E18: 33.1
A19: Abruzzo | B19: 56.5 | C19: 79.733333 | D19: 30.9 | E19: 34.3
A20: Molise | B20: 63.05 | C20: 58.433333 | D20: 14.4 | E20: 21.3
A21: Campania | B21: 56.366667 | C21: 48.866667 | D21: 40.866667 | E21: 45.1
A22: Puglia | B22: 67.05 | C22: 69.4 | D22: 30.75 | E22: 37.6
A23: Basilicata | B23: 57.116667 | C23: 61.975 | D23: 31.1 | E23: 18.1
A24: Calabria | B24: 62.683333 | C24: 86.15 | D24: 56.3 | E24: 37.2
... A27: Italia | B27: 55.866667 | C27: 78.557143 | D27: 30.2 | E27: 36.7

Sheet avg_effis_classes
A1: Region | B1: broadleave | C1: broadleave | D1: broadleave | E1: broadleave | F1: broadleave | G1: broadleave | H1: avg_broadleave | I1: coniferous | J1: coniferous | K1: coniferous | L1: coniferous | M1: coniferous | N1: coniferous | O1: coniferous | P1: avg_coniferous | Q1: sclerophil | R1: sclerophil | S1: sclerophil | T1: avg_sclerophil | U1: mixed_fore | V1: avg_transition | W1: other_natu | X1: agricultur | Y1: artificial | Z1: other_perc
A2: Region | B2: =+'2015_3di6'!F3 -> Beech | C2: =+'2015_3di6'!J3 -> Temperate oaks | D2: =+'2015_4di6'!B3 -> Mediterranean oaks | E2: =+'2015_4di6'!F3 -> Chestnut | F2: =+'2015_4di6'!J3 -> Hornbeam and Hophornbeam | G2: =+'2015_5di6'!F3 -> Other deciduous broadleaved forests | I2: =+'2015_1di6'!B3 -> Larch and Stone pine | J2: =+'2015_1di6'!F3 -> Norway spruce | K2: =+'2015_1di6'!J3 -> Fir | L2: =+'2015_2di6'!B3 -> Scots pine and Mountain pine | M2: =+'2015_2di6'!F3 -> Black pines | N2: =+'2015_2di6'!J3 -> Mediterranean pines | O2: =+'2015_3di6'!B3 -> Other coniferous forests | Q2: =+'2015_5di6'!J3 -> Holm oak | R2: =+'2015_6di6'!B3 -> Cork oak | S2: =+'2015_6di6'!F3 -> Other evergreen broadleaved forests | V2: =+'2015_5di6'!B3 -> Hygrophilous forests | W2: other_natu | X2: agricultur | Y2: artificial | Z2: other_perc
B3: =+'2015_3di6'!F4 -> Faggete | C3: =+'2015_3di6'!J4 -> Querceti di rovere, roverella e farnia | D3: =+'2015_4di6'!B4 -> Cerrete, boschi di farnetto, fragno e vallonea | E3: =+'2015_4di6'!F4 -> Castagneti | F3: =+'2015_4di6'!J4 -> Ostrieti, carpineti | G3: =+'2015_5di6'!F4 -> Altri boschi caducifogli | I3: =+'2015_1di6'!B4 -> Boschi di larice e cembro | J3: =+'2015_1di6'!F4 -> Boschi di abete rosso | K3: =+'2015_1di6'!J4 -> Boschi di abete bianco | L3: =+'2015_2di6'!B4 -> Pinete di pino silvestre e montano | M3: =+'2015_2di6'!F4 -> Pinete di pino nero, laricio e loricato | N3: =+'2015_2di6'!J4 -> Pinete di pini mediterranei | O3: =+'2015_3di6'!B4 -> Altri boschi di conifere, pure o miste | Q3: =+'2015_5di6'!J4 -> Leccete | R3: =+'2015_6di6'!B4 -> Sugherete | S3: =+'2015_6di6'!F4 -> Altri boschi di latifoglie sempreverdi | V3: =+'2015_5di6'!B4 -> Boschi igrofili | W3: other_natu | X3: agricultur | Y3: artificial | Z3: other_perc
B4: =+'2015_3di6'!H5 -> Corg | C4: =+'2015_3di6'!L5 -> Corg | D4: =+'2015_4di6'!D5 -> Corg | E4: =+'2015_4di6'!H5 -> Corg | F4: =+'2015_4di6'!L5 -> Corg | G4: =+'2015_5di6'!H5 -> Corg | H4: Corg | I4: =+'2015_1di6'!D5 -> Corg | J4: =+'2015_1di6'!H5 -> Corg | K4: =+'2015_1di6'!L5 -> Corg | L4: =+'2015_2di6'!D5 -> Corg | M4: =+'2015_2di6'!H5 -> Corg | N4: =+'2015_2di6'!L5 -> Corg | O4: =+'2015_3di6'!D5 -> Corg | P4: Corg | Q4: =+'2015_5di6'!L5 -> Corg | R4: =+'2015_6di6'!D5 -> Corg | S4: =+'2015_6di6'!H5 -> Corg | T4: Corg | U4: Corg | V4: =+'2015_5di6'!D5 -> Corg | W4: Corg | X4: Corg | Y4: Corg | Z4: Corg
B5: =+'2015_3di6'!H6 -> (Mg ha-1) | C5: =+'2015_3di6'!L6 -> (Mg ha-1) | D5: =+'2015_4di6'!D6 -> (Mg ha-1) | E5: =+'2015_4di6'!H6 -> (Mg ha-1) | F5: =+'2015_4di6'!L6 -> (Mg ha-1) | G5: =+'2015_5di6'!H6 -> (Mg ha-1) | H5: (Mg ha-1) | I5: =+'2015_1di6'!D6 -> (Mg ha-1) | J5: =+'2015_1di6'!H6 -> (Mg ha-1) | K5: =+'2015_1di6'!L6 -> (Mg ha-1) | L5: =+'2015_2di6'!D6 -> (Mg ha-1) | M5: =+'2015_2di6'!H6 -> (Mg ha-1) | N5: =+'2015_2di6'!L6 -> (Mg ha-1) | O5: =+'2015_3di6'!D6 -> (Mg ha-1) | P5: (Mg ha-1) | Q5: =+'2015_5di6'!L6 -> (Mg ha-1) | R5: =+'2015_6di6'!D6 -> (Mg ha-1) | S5: =+'2015_6di6'!H6 -> (Mg ha-1) | T5: (Mg ha-1) | U5: (Mg ha-1) | V5: =+'2015_5di6'!D6 -> (Mg ha-1) | W5: (Mg ha-1) | X5: (Mg ha-1) | Y5: (Mg ha-1) | Z5: (Mg ha-1)
A6: =+'2015_1di6'!A7 -> Piemonte | B6: =+'2015_3di6'!H7 -> 81 | C6: =+'2015_3di6'!L7 -> 40.3 | D6: =+'2015_4di6'!D7 -> 81.3 | E6: =+'2015_4di6'!H7 -> 67.3 | F6: =+'2015_4di6'!L7 -> 41.4 | G6: =+'2015_5di6'!H7 -> 44.6 | H6: =+AVERAGE(B6:G6) -> 59.316667 | I6: =+'2015_1di6'!D7 -> 47.5 | J6: =+'2015_1di6'!H7 -> 110.9 | K6: =+'2015_1di6'!L7 -> 110.7 | L6: =+'2015_2di6'!D7 -> 61.7 | M6: =+'2015_2di6'!H7 -> 50.9 | N6: =+'2015_2di6'!L7 -> 19.9 | O6: =+'2015_3di6'!D7 -> 55.7 | P6: =+AVERAGE(I6:O6) -> 65.328571 | V6: =+'2015_5di6'!D7 -> 40.7
A7: =+'2015_1di6'!A8 -> Valle d'Aosta | B7: =+'2015_3di6'!H8 -> 115.4 | C7: =+'2015_3di6'!L8 -> 46.8 | E7: =+'2015_4di6'!H8 -> 56.3 | G7: =+'2015_5di6'!H8 -> 34.5 | H7: =+AVERAGE(B7:G7) -> 63.25 | I7: =+'2015_1di6'!D8 -> 50.6 | J7: =+'2015_1di6'!H8 -> 82.3 | K7: =+'2015_1di6'!L8 -> 85.2 | L7: =+'2015_2di6'!D8 -> 56 | M7: =+'2015_2di6'!H8 -> 40.7 | P7: =+AVERAGE(I7:O7) -> 62.96 | V7: =+'2015_5di6'!D8 -> 0
A8: =+'2015_1di6'!A9 -> Lombardia | B8: =+'2015_3di6'!H9 -> 85.3 | C8: =+'2015_3di6'!L9 -> 53.1 | D8: =+'2015_4di6'!D9 -> 76 | E8: =+'2015_4di6'!H9 -> 83 | F8: =+'2015_4di6'!L9 -> 36.1 | G8: =+'2015_5di6'!H9 -> 52.7 | H8: =+AVERAGE(B8:G8) -> 64.366667 | I8: =+'2015_1di6'!D9 -> 70.5 | J8: =+'2015_1di6'!H9 -> 101.9 | K8: =+'2015_1di6'!L9 -> 126.6 | L8: =+'2015_2di6'!D9 -> 57.6 | M8: =+'2015_2di6'!H9 -> 79.3 | O8: =+'2015_3di6'!D9 -> 66.8 | P8: =+AVERAGE(I8:O8) -> 83.783333 | S8: =+'2015_6di6'!H9 -> 25.5 | T8: =+AVERAGE(Q8:S8) -> 25.5 | V8: =+'2015_5di6'!D9 -> 41.6
A9: =+'2015_1di6'!A10 -> Alto Adige | B9: =+'2015_3di6'!H10 -> 81.7 | C9: =+'2015_3di6'!L10 -> 46.8 | E9: =+'2015_4di6'!H10 -> 66.1 | F9: =+'2015_4di6'!L10 -> 59.4 | G9: =+'2015_5di6'!H10 -> 70.2 | H9: =+AVERAGE(B9:G9) -> 64.84 | I9: =+'2015_1di6'!D10 -> 70 | J9: =+'2015_1di6'!H10 -> 106.6 | K9: =+'2015_1di6'!L10 -> 121.1 | L9: =+'2015_2di6'!D10 -> 87.7 | M9: =+'2015_2di6'!H10 -> 6.9 | P9: =+AVERAGE(I9:O9) -> 78.46 | V9: =+'2015_5di6'!D10 -> 48.7
A10: =+'2015_1di6'!A11 -> Trentino | B10: =+'2015_3di6'!H11 -> 85.5 | C10: =+'2015_3di6'!L11 -> 52 | E10: =+'2015_4di6'!H11 -> 91.3 | F10: =+'2015_4di6'!L11 -> 45.4 | G10: =+'2015_5di6'!H11 -> 53.3 | H10: =+AVERAGE(B10:G10) -> 65.5 | I10: =+'2015_1di6'!D11 -> 55.6 | J10: =+'2015_1di6'!H11 -> 114.9 | K10: =+'2015_1di6'!L11 -> 135 | L10: =+'2015_2di6'!D11 -> 62.9 | M10: =+'2015_2di6'!H11 -> 79.1 | P10: =+AVERAGE(I10:O10) -> 89.5 | Q10: =+'2015_5di6'!L11 -> 12.9 | T10: =+AVERAGE(Q10:S10) -> 12.9 | V10: =+'2015_5di6'!D11 -> 67.2
A11: =+'2015_1di6'!A12 -> Veneto | B11: =+'2015_3di6'!H12 -> 100.1 | C11: =+'2015_3di6'!L12 -> 61.7 | E11: =+'2015_4di6'!H12 -> 57 | F11: =+'2015_4di6'!L12 -> 54.1 | G11: =+'2015_5di6'!H12 -> 41.3 | H11: =+AVERAGE(B11:G11) -> 62.84 | I11: =+'2015_1di6'!D12 -> 63.2 | J11: =+'2015_1di6'!H12 -> 106.4 | K11: =+'2015_1di6'!L12 -> 143.1 | L11: =+'2015_2di6'!D12 -> 51.2 | M11: =+'2015_2di6'!H12 -> 55.7 | N11: =+'2015_2di6'!L12 -> 85.3 | P11: =+AVERAGE(I11:O11) -> 84.15 | Q11: =+'2015_5di6'!L12 -> 65.7 | T11: =+AVERAGE(Q11:S11) -> 65.7 | V11: =+'2015_5di6'!D12 -> 28.6
A12: =+'2015_1di6'!A13 -> Friuli V.G. | B12: =+'2015_3di6'!H13 -> 104.6 | C12: =+'2015_3di6'!L13 -> 47.9 | E12: =+'2015_4di6'!H13 -> 110.3 | F12: =+'2015_4di6'!L13 -> 43.6 | G12: =+'2015_5di6'!H13 -> 59.4 | H12: =+AVERAGE(B12:G12) -> 73.16 | I12: =+'2015_1di6'!D13 -> 37.3 | J12: =+'2015_1di6'!H13 -> 131.5 | K12: =+'2015_1di6'!L13 -> 190.5 | L12: =+'2015_2di6'!D13 -> 52.1 | M12: =+'2015_2di6'!H13 -> 64.6 | N12: =+'2015_2di6'!L13 -> 30.3 | O12: =+'2015_3di6'!D13 -> 76.9 | P12: =+AVERAGE(I12:O12) -> 83.314286 | V12: =+'2015_5di6'!D13 -> 20.3
A13: =+'2015_1di6'!A14 -> Liguria | B13: =+'2015_3di6'!H14 -> 100.3 | C13: =+'2015_3di6'!L14 -> 39.8 | D13: =+'2015_4di6'!D14 -> 66.1 | E13: =+'2015_4di6'!H14 -> 58.6 | F13: =+'2015_4di6'!L14 -> 40.6 | G13: =+'2015_5di6'!H14 -> 35.6 | H13: =+AVERAGE(B13:G13) -> 56.833333 | I13: =+'2015_1di6'!D14 -> 46.4 | J13: =+'2015_1di6'!H14 -> 69.2 | K13: =+'2015_1di6'!L14 -> 128.8 | L13: =+'2015_2di6'!D14 -> 44.2 | M13: =+'2015_2di6'!H14 -> 83.8 | N13: =+'2015_2di6'!L14 -> 23.9 | O13: =+'2015_3di6'!D14 -> 134.1 | P13: =+AVERAGE(I13:O13) -> 75.771429 | Q13: =+'2015_5di6'!L14 -> 41.5 | T13: =+AVERAGE(Q13:S13) -> 41.5 | V13: =+'2015_5di6'!D14 -> 62.6
A14: =+'2015_1di6'!A15 -> Emilia Romagna | B14: =+'2015_3di6'!H15 -> 94.2 | C14: =+'2015_3di6'!L15 -> 32.1 | D14: =+'2015_4di6'!D15 -> 48.5 | E14: =+'2015_4di6'!H15 -> 66.3 | F14: =+'2015_4di6'!L15 -> 41.5 | G14: =+'2015_5di6'!H15 -> 38.2 | H14: =+AVERAGE(B14:G14) -> 53.466667 | J14: =+'2015_1di6'!H15 -> 123.6 | K14: =+'2015_1di6'!L15 -> 185.2 | L14: =+'2015_2di6'!D15 -> 51.8 | M14: =+'2015_2di6'!H15 -> 88.3 | N14: =+'2015_2di6'!L15 -> 67 | O14: =+'2015_3di6'!D15 -> 61 | P14: =+AVERAGE(I14:O14) -> 96.15 | Q14: =+'2015_5di6'!L15 -> 74.4 | T14: =+AVERAGE(Q14:S14) -> 74.4 | V14: =+'2015_5di6'!D15 -> 28.6
A15: =+'2015_1di6'!A16 -> Toscana | B15: =+'2015_3di6'!H16 -> 117.6 | C15: =+'2015_3di6'!L16 -> 36.8 | D15: =+'2015_4di6'!D16 -> 44.6 | E15: =+'2015_4di6'!H16 -> 64.3 | F15: =+'2015_4di6'!L16 -> 48.2 | G15: =+'2015_5di6'!H16 -> 44.7 | H15: =+AVERAGE(B15:G15) -> 59.366667 | J15: =+'2015_1di6'!H16 -> 176.5 | K15: =+'2015_1di6'!L16 -> 158.2 | L15: =+'2015_2di6'!D16 -> 104.8 | M15: =+'2015_2di6'!H16 -> 128.1 | N15: =+'2015_2di6'!L16 -> 71.4 | O15: =+'2015_3di6'!D16 -> 102.1 | P15: =+AVERAGE(I15:O15) -> 123.51667 | Q15: =+'2015_5di6'!L16 -> 44.8 | R15: =+'2015_6di6'!D16 -> 46.5 | S15: =+'2015_6di6'!H16 -> 14.3 | T15: =+AVERAGE(Q15:S15) -> 35.2 | V15: =+'2015_5di6'!D16 -> 46.4
A16: =+'2015_1di6'!A17 -> Umbria | B16: =+'2015_3di6'!H17 -> 73.4 | C16: =+'2015_3di6'!L17 -> 27.9 | D16: =+'2015_4di6'!D17 -> 40.3 | E16: =+'2015_4di6'!H17 -> 47.6 | F16: =+'2015_4di6'!L17 -> 29.6 | G16: =+'2015_5di6'!H17 -> 28.2 | H16: =+AVERAGE(B16:G16) -> 41.166667 | L16: =+'2015_2di6'!D17 -> 56 | M16: =+'2015_2di6'!H17 -> 53.3 | N16: =+'2015_2di6'!L17 -> 47.4 | O16: =+'2015_3di6'!D17 -> 96.6 | P16: =+AVERAGE(I16:O16) -> 63.325 | Q16: =+'2015_5di6'!L17 -> 52.8 | T16: =+AVERAGE(Q16:S16) -> 52.8 | V16: =+'2015_5di6'!D17 -> 54.2
A17: =+'2015_1di6'!A18 -> Marche | B17: =+'2015_3di6'!H18 -> 81.2 | C17: =+'2015_3di6'!L18 -> 34.7 | D17: =+'2015_4di6'!D18 -> 60.1 | E17: =+'2015_4di6'!H18 -> 65 | F17: =+'2015_4di6'!L18 -> 32.2 | G17: =+'2015_5di6'!H18 -> 30.9 | H17: =+AVERAGE(B17:G17) -> 50.683333 | J17: =+'2015_1di6'!H18 -> 54.7 | M17: =+'2015_2di6'!H18 -> 52.4 | N17: =+'2015_2di6'!L18 -> 47.2 | O17: =+'2015_3di6'!D18 -> 33.1 | P17: =+AVERAGE(I17:O17) -> 46.85 | Q17: =+'2015_5di6'!L18 -> 52.8 | T17: =+AVERAGE(Q17:S17) -> 52.8 | V17: =+'2015_5di6'!D18 -> 52.1
A18: =+'2015_1di6'!A19 -> Lazio | B18: =+'2015_3di6'!H19 -> 115.7 | C18: =+'2015_3di6'!L19 -> 29.7 | D18: =+'2015_4di6'!D19 -> 53.4 | E18: =+'2015_4di6'!H19 -> 55.6 | F18: =+'2015_4di6'!L19 -> 37 | G18: =+'2015_5di6'!H19 -> 32.2 | H18: =+AVERAGE(B18:G18) -> 53.933333 | J18: =+'2015_1di6'!H19 -> 244.2 | M18: =+'2015_2di6'!H19 -> 69 | N18: =+'2015_2di6'!L19 -> 55.6 | O18: =+'2015_3di6'!D19 -> 103.7 | P18: =+AVERAGE(I18:O18) -> 118.125 | Q18: =+'2015_5di6'!L19 -> 39.6 | R18: =+'2015_6di6'!D19 -> 39.9 | S18: =+'2015_6di6'!H19 -> 16.8 | T18: =+AVERAGE(Q18:S18) -> 32.1 | V18: =+'2015_5di6'!D19 -> 33.1
A19: =+'2015_1di6'!A20 -> Abruzzo | B19: =+'2015_3di6'!H20 -> 110.1 | C19: =+'2015_3di6'!L20 -> 36.1 | D19: =+'2015_4di6'!D20 -> 56.7 | E19: =+'2015_4di6'!H20 -> 70.8 | F19: =+'2015_4di6'!L20 -> 38.8 | G19: =+'2015_5di6'!H20 -> 26.5 | H19: =+AVERAGE(B19:G19) -> 56.5 | J19: =+'2015_1di6'!H20 -> 89.2 | K19: =+'2015_1di6'!L20 -> 132.1 | L19: =+'2015_2di6'!D20 -> 103.5 | M19: =+'2015_2di6'!H20 -> 55.4 | N19: =+'2015_2di6'!L20 -> 47.6 | O19: =+'2015_3di6'!D20 -> 50.6 | P19: =+AVERAGE(I19:O19) -> 79.733333 | Q19: =+'2015_5di6'!L20 -> 40.1 | S19: =+'2015_6di6'!H20 -> 21.7 | T19: =+AVERAGE(Q19:S19) -> 30.9 | V19: =+'2015_5di6'!D20 -> 34.3
A20: =+'2015_1di6'!A21 -> Molise | B20: =+'2015_3di6'!H21 -> 133.5 | C20: =+'2015_3di6'!L21 -> 34.2 | D20: =+'2015_4di6'!D21 -> 55.6 | E20: =+'2015_4di6'!H21 -> 57.8 | F20: =+'2015_4di6'!L21 -> 58.5 | G20: =+'2015_5di6'!H21 -> 38.7 | H20: =+AVERAGE(B20:G20) -> 63.05 | K20: =+'2015_1di6'!L21 -> 106.1 | M20: =+'2015_2di6'!H21 -> 45.8 | N20: =+'2015_2di6'!L21 -> 23.4 | P20: =+AVERAGE(I20:O20) -> 58.433333 | Q20: =+'2015_5di6'!L21 -> 14.4 | T20: =+AVERAGE(Q20:S20) -> 14.4 | V20: =+'2015_5di6'!D21 -> 21.3
A21: =+'2015_1di6'!A22 -> Campania | B21: =+'2015_3di6'!H22 -> 143.9 | C21: =+'2015_3di6'!L22 -> 29.1 | D21: =+'2015_4di6'!D22 -> 50.9 | E21: =+'2015_4di6'!H22 -> 33.9 | F21: =+'2015_4di6'!L22 -> 42.4 | G21: =+'2015_5di6'!H22 -> 38 | H21: =+AVERAGE(B21:G21) -> 56.366667 | M21: =+'2015_2di6'!H22 -> 76.9 | N21: =+'2015_2di6'!L22 -> 52.8 | O21: =+'2015_3di6'!D22 -> 16.9 | P21: =+AVERAGE(I21:O21) -> 48.866667 | Q21: =+'2015_5di6'!L22 -> 42.6 | R21: =+'2015_6di6'!D22 -> 75.8 | S21: =+'2015_6di6'!H22 -> 4.2 | T21: =+AVERAGE(Q21:S21) -> 40.866667 | V21: =+'2015_5di6'!D22 -> 45.1
A22: =+'2015_1di6'!A23 -> Puglia | B22: =+'2015_3di6'!H23 -> 153.3 | C22: =+'2015_3di6'!L23 -> 35.2 | D22: =+'2015_4di6'!D23 -> 41.2 | E22: =+'2015_4di6'!H23 -> 54.4 | F22: =+'2015_4di6'!L23 -> 48.7 | G22: =+'2015_5di6'!H23 -> 69.5 | H22: =+AVERAGE(B22:G22) -> 67.05 | M22: =+'2015_2di6'!H23 -> 113.2 | N22: =+'2015_2di6'!L23 -> 31.5 | O22: =+'2015_3di6'!D23 -> 63.5 | P22: =+AVERAGE(I22:O22) -> 69.4 | Q22: =+'2015_5di6'!L23 -> 35 | S22: =+'2015_6di6'!H23 -> 26.5 | T22: =+AVERAGE(Q22:S22) -> 30.75 | V22: =+'2015_5di6'!D23 -> 37.6
A23: =+'2015_1di6'!A24 -> Basilicata | B23: =+'2015_3di6'!H24 -> 128.7 | C23: =+'2015_3di6'!L24 -> 26 | D23: =+'2015_4di6'!D24 -> 49 | E23: =+'2015_4di6'!H24 -> 60.2 | F23: =+'2015_4di6'!L24 -> 45.9 | G23: =+'2015_5di6'!H24 -> 32.9 | H23: =+AVERAGE(B23:G23) -> 57.116667 | K23: =+'2015_1di6'!L24 -> 120.1 | M23: =+'2015_2di6'!H24 -> 49.3 | N23: =+'2015_2di6'!L24 -> 33.8 | O23: =+'2015_3di6'!D24 -> 44.7 | P23: =+AVERAGE(I23:O23) -> 61.975 | Q23: =+'2015_5di6'!L24 -> 27.6 | S23: =+'2015_6di6'!H24 -> 34.6 | T23: =+AVERAGE(Q23:S23) -> 31.1 | V23: =+'2015_5di6'!D24 -> 18.1
A24: =+'2015_1di6'!A25 -> Calabria | B24: =+'2015_3di6'!H25 -> 152.9 | C24: =+'2015_3di6'!L25 -> 38.8 | D24: =+'2015_4di6'!D25 -> 80.3 | E24: =+'2015_4di6'!H25 -> 42.8 | F24: =+'2015_4di6'!L25 -> 14 | G24: =+'2015_5di6'!H25 -> 47.3 | H24: =+AVERAGE(B24:G24) -> 62.683333 | K24: =+'2015_1di6'!L25 -> 105 | M24: =+'2015_2di6'!H25 -> 83.3 | N24: =+'2015_2di6'!L25 -> 47.5 | O24: =+'2015_3di6'!D25 -> 108.8 | P24: =+AVERAGE(I24:O24) -> 86.15 | Q24: =+'2015_5di6'!L25 -> 96.3 | R24: =+'2015_6di6'!D25 -> 56.9 | S24: =+'2015_6di6'!H25 -> 15.7 | T24: =+AVERAGE(Q24:S24) -> 56.3 | V24: =+'2015_5di6'!D25 -> 37.2
A25: =+'2015_1di6'!A26 -> Sicilia | B25: =+'2015_3di6'!H26 -> 85 | C25: =+'2015_3di6'!L26 -> 30 | D25: =+'2015_4di6'!D26 -> 44.6 | E25: =+'2015_4di6'!H26 -> 46.8 | F25: =+'2015_4di6'!L26 -> 16.6 | G25: =+'2015_5di6'!H26 -> 27.2 | H25: =+AVERAGE(B25:G25) -> 41.7 | M25: =+'2015_2di6'!H26 -> 36.8 | N25: =+'2015_2di6'!L26 -> 41.9 | O25: =+'2015_3di6'!D26 -> 41.2 | P25: =+AVERAGE(I25:O25) -> 39.966667 | Q25: =+'2015_5di6'!L26 -> 64.4 | R25: =+'2015_6di6'!D26 -> 16.5 | S25: =+'2015_6di6'!H26 -> 22.5 | T25: =+AVERAGE(Q25:S25) -> 34.466667 | V25: =+'2015_5di6'!D26 -> 17.1
A26: =+'2015_1di6'!A27 -> Sardegna | C26: =+'2015_3di6'!L27 -> 22.4 | E26: =+'2015_4di6'!H27 -> 44 | G26: =+'2015_5di6'!H27 -> 4.3 | H26: =+AVERAGE(B26:G26) -> 23.566667 | M26: =+'2015_2di6'!H27 -> 46 | N26: =+'2015_2di6'!L27 -> 27.8 | O26: =+'2015_3di6'!D27 -> 35.2 | P26: =+AVERAGE(I26:O26) -> 36.333333 | Q26: =+'2015_5di6'!L27 -> 37.6 | R26: =+'2015_6di6'!D27 -> 25.9 | S26: =+'2015_6di6'!H27 -> 12 | T26: =+AVERAGE(Q26:S26) -> 25.166667 | V26: =+'2015_5di6'!D27 -> 20.7
A27: =+'2015_1di6'!A28 -> Italia | B27: =+'2015_3di6'!H28 -> 106.2 | C27: =+'2015_3di6'!L28 -> 34.2 | D27: =+'2015_4di6'!D28 -> 49.7 | E27: =+'2015_4di6'!H28 -> 62 | F27: =+'2015_4di6'!L28 -> 40.9 | G27: =+'2015_5di6'!H28 -> 42.2 | H27: =+AVERAGE(B27:G27) -> 55.866667 | I27: =+'2015_1di6'!D28 -> 59 | J27: =+'2015_1di6'!H28 -> 109.3 | K27: =+'2015_1di6'!L28 -> 131.2 | L27: =+'2015_2di6'!D28 -> 65 | M27: =+'2015_2di6'!H28 -> 75.4 | N27: =+'2015_2di6'!L28 -> 43.7 | O27: =+'2015_3di6'!D28 -> 66.3 | P27: =+AVERAGE(I27:O27) -> 78.557143 | Q27: =+'2015_5di6'!L28 -> 45.9 | R27: =+'2015_6di6'!D28 -> 26.9 | S27: =+'2015_6di6'!H28 -> 17.8 | T27: =+AVERAGE(Q27:S27) -> 30.2 | V27: =+'2015_5di6'!D28 -> 36.7

Sheet 2015_1di6
A1: Tab. 1.13.2 - Total value and value per hectare of carbon stock in the aboveground tree biomass by Tall trees forest type (part 1 of 6) / Valori totali e per ettaro di carbonio nella fitomassa arborea epigea per le categorie forestali dei Boschi alti (parte 1 di 6).
A3: Region / Regione | B3: Larch and Stone pine | F3: Norway spruce | J3: Fir
B4: Boschi di larice e cembro | F4: Boschi di abete rosso | J4: Boschi di abete bianco
B5: Corg | C5: ES | D5: Corg | E5: ES | F5: Corg | G5: ES | H5: Corg | I5: ES | J5: Corg | K5: ES | L5: Corg | M5: ES
B6: (Mg) | C6: (%) | D6: (Mg ha-1) | E6: (%) | F6: (Mg) | G6: (%) | H6: (Mg ha-1) | I6: (%) | J6: (Mg) | K6: (%) | L6: (Mg ha-1) | M6: (%)
A7: Piemonte | B7: 3806271 | C7: 11.9 | D7: 47.5 | E7: - | F7: 2016832 | G7: 19.2 | H7: 110.9 | I7: - | J7: 1564840 | K7: 19.4 | L7: 110.7 | M7: -
A8: Valle d'Aosta | B8: 2412492 | C8: 12.8 | D8: 50.6 | E8: - | F8: 1499824 | G8: 16.6 | H8: 82.3 | I8: - | J8: 98535 | K8: 60.1 | L8: 85.2 | M8: -
A9: Lombardia | B9: 3767911 | C9: 13.9 | D9: 70.5 | E9: - | F9: 8955503 | G9: 10.2 | H9: 101.9 | I9: - | J9: 1191958 | K9: 24.3 | L9: 126.6 | M9: -
A10: Alto Adige | B10: 6553956 | C10: 10.2 | D10: 70 | E10: - | F10: 19016918 | G10: 6.2 | H10: 106.6 | I10: - | J10: 320537 | K10: 39.9 | L10: 121.1 | M10: -
A11: Trentino | B11: 3455139 | C11: 13.8 | D11: 55.6 | E11: - | F11: 15721138 | G11: 7.6 | H11: 114.9 | I11: - | J11: 2190022 | K11: 17.8 | L11: 135 | M11: -
A12: Veneto | B12: 2677916 | C12: 16.4 | D12: 63.2 | E12: - | F12: 10335985 | G12: 8.3 | H12: 106.4 | I12: - | J12: 1016675 | K12: 24 | L12: 143.1 | M12: -
A13: Friuli V.G. | B13: 484070 | C13: 34.8 | D13: 37.3 | E13: - | F13: 5865216 | G13: 12.4 | H13: 131.5 | I13: - | J13: 353912 | K13: 48.5 | L13: 190.5 | M13: -
A14: Liguria | B14: 50963 | C14: 64.8 | D14: 46.4 | E14: - | F14: 25353 | G14: 100 | H14: 69.2 | I14: - | J14: 377761 | K14: 37.1 | L14: 128.8 | M14: -
A15: Emilia Romagna | B15: 0 | C15: - | D15: 0 | E15: - | F15: 455207 | G15: 32.8 | H15: 123.6 | I15: - | J15: 545830 | K15: 38.8 | L15: 185.2 | M15: -
A16: Toscana | B16: 0 | C16: - | D16: 0 | E16: - | F16: 63765 | G16: 100 | H16: 176.5 | I16: - | J16: 800220 | K16: 30.8 | L16: 158.2 | M16: -
A17: Umbria | B17: 0 | C17: - | D17: 0 | E17: - | F17: 0 | G17: - | H17: 0 | I17: - | J17: 0 | K17: - | L17: 0 | M17: -
A18: Marche | B18: 0 | C18: - | D18: 0 | E18: - | F18: 20273 | G18: 100 | H18: 54.7 | I18: - | J18: 0 | K18: - | L18: 0 | M18: -
A19: Lazio | B19: 0 | C19: - | D19: 0 | E19: - | F19: 89978 | G19: 100 | H19: 244.2 | I19: - | J19: 0 | K19: - | L19: 0 | M19: -
A20: Abruzzo | B20: 0 | C20: - | D20: 0 | E20: - | F20: 32299 | G20: 100 | H20: 89.2 | I20: - | J20: 95657 | K20: 71.1 | L20: 132.1 | M20: -
A21: Molise | B21: 0 | C21: - | D21: 0 | E21: - | F21: 0 | G21: - | H21: 0 | I21: - | J21: 124314 | K21: 62.1 | L21: 106.1 | M21: -
A22: Campania | B22: 0 | C22: - | D22: 0 | E22: - | F22: 0 | G22: - | H22: 0 | I22: - | J22: 0 | K22: - | L22: 0 | M22: -
A23: Puglia | B23: 0 | C23: - | D23: 0 | E23: - | F23: 0 | G23: - | H23: 0 | I23: - | J23: 0 | K23: - | L23: 0 | M23: -
A24: Basilicata | B24: 0 | C24: - | D24: 0 | E24: - | F24: 0 | G24: - | H24: 0 | I24: - | J24: 89546 | K24: 75.6 | L24: 120.1 | M24: -
A25: Calabria | B25: 0 | C25: - | D25: 0 | E25: - | F25: 0 | G25: - | H25: 0 | I25: - | J25: 391720 | K25: 34.8 | L25: 105 | M25: -
A26: Sicilia | B26: 0 | C26: - | D26: 0 | E26: - | F26: 0 | G26: - | H26: 0 | I26: - | J26: 0 | K26: - | L26: 0 | M26: -
A27: Sardegna | B27: 0 | C27: - | D27: 0 | E27: - | F27: 0 | G27: - | H27: 0 | I27: - | J27: 0 | K27: - | L27: 0 | M27: -
A28: Italia | B28: 23208719 | C28: 5.2 | D28: 59 | E28: 4.4 | F28: 64098294 | G28: 3.5 | H28: 109.3 | I28: 2.9 | J28: 9161527 | K28: 8.4 | L28: 131.2 | M28: 4.2
A30: Forest types, carbon stock in the aboveground tree biomass
A31: Categorie forestali, carbonio nella fitomassa arborea epigea

Sheet 2015_2di6
A1: Tab. 1.13.2 - Total value and value per hectare of carbon stock in the aboveground tree biomass by Tall trees forest type (part 2 of 6) / Valori totali e per ettaro di carbonio nella fitomassa arborea epigea per le categorie forestali dei Boschi alti (parte 2 di 6).
A3: Region / Regione | B3: Scots pine and Mountain pine | F3: Black pines | J3: Mediterranean pines
B4: Pinete di pino silvestre e montano | F4: Pinete di pino nero, laricio e loricato | J4: Pinete di pini mediterranei
B5: Corg | C5: ES | D5: Corg | E5: ES | F5: Corg | G5: ES | H5: Corg | I5: ES | J5: Corg | K5: ES | L5: Corg | M5: ES
B6: (Mg) | C6: (%) | D6: (Mg ha-1) | E6: (%) | F6: (Mg) | G6: (%) | H6: (Mg ha-1) | I6: (%) | J6: (Mg) | K6: (%) | L6: (Mg ha-1) | M6: (%)
A7: Piemonte | B7: 1279992 | C7: 17.8 | D7: 61.7 | E7: - | F7: 164478 | G7: 41.5 | H7: 50.9 | I7: - | J7: 16067 | K7: 72.6 | L7: 19.9 | M7: -
A8: Valle d'Aosta | B8: 654134 | C8: 21.4 | D8: 56 | E8: - | F8: 15693 | G8: 100 | H8: 40.7 | I8: - | J8: 0 | K8: - | L8: 0 | M8: -
A9: Lombardia | B9: 1096636 | C9: 24.1 | D9: 57.6 | E9: - | F9: 349539 | G9: 44.3 | H9: 79.3 | I9: - | J9: 0 | K9: - | L9: 0 | M9: -
A10: Alto Adige | B10: 3250573 | C10: 13.4 | D10: 87.7 | E10: - | F10: 2610 | G10: 100 | H10: 6.9 | I10: - | J10: 0 | K10: - | L10: 0 | M10: -
A11: Trentino | B11: 1315691 | C11: 16.7 | D11: 62.9 | E11: - | F11: 456086 | G11: 29.6 | H11: 79.1 | I11: - | J11: 0 | K11: - | L11: 0 | M11: -
A12: Veneto | B12: 626789 | C12: 20 | D12: 51.2 | E12: - | F12: 195375 | G12: 42.8 | H12: 55.7 | I12: - | J12: 63756 | K12: 71 | L12: 85.3 | M12: -
A13: Friuli V.G. | B13: 636678 | C13: 27.7 | D13: 52.1 | E13: - | F13: 2039185 | G13: 14.6 | H13: 64.6 | I13: - | J13: 33803 | K13: 63.3 | L13: 30.3 | M13: -
A14: Liguria | B14: 453342 | C14: 23.4 | D14: 44.2 | E14: - | F14: 460585 | G14: 36.2 | H14: 83.8 | I14: - | J14: 586999 | K14: 27.3 | L14: 23.9 | M14: -
A15: Emilia Romagna | B15: 95371 | C15: 55 | D15: 51.8 | E15: - | F15: 1430944 | G15: 24.3 | H15: 88.3 | I15: - | J15: 197415 | K15: 54.3 | L15: 67 | M15: -
A16: Toscana | B16: 113596 | C16: 59.1 | D16: 104.8 | E16: - | F16: 2314487 | G16: 24.1 | H16: 128.1 | I16: - | J16: 3224675 | K16: 16 | L16: 71.4 | M16: -
A17: Umbria | B17: 41279 | C17: 76.6 | D17: 56 | E17: - | F17: 314327 | G17: 28.3 | H17: 53.3 | I17: - | J17: 384751 | K17: 23.9 | L17: 47.4 | M17: -
A18: Marche | B18: 0 | C18: - | D18: 0 | E18: - | F18: 544000 | G18: 24.1 | H18: 52.4 | I18: - | J18: 103647 | K18: 48.9 | L18: 47.2 | M18: -
A19: Lazio | B19: 0 | C19: - | D19: 0 | E19: - | F19: 584343 | G19: 25.3 | H19: 69 | I19: - | J19: 408066 | K19: 28.6 | L19: 55.6 | M19: -
A20: Abruzzo | B20: 112330 | C20: 62.9 | D20: 103.5 | E20: - | F20: 1020107 | G20: 25.5 | H20: 55.4 | I20: - | J20: 103367 | K20: 53.6 | L20: 47.6 | M20: -
A21: Molise | B21: 0 | C21: - | D21: 0 | E21: - | F21: 107411 | G21: 44.2 | H21: 45.8 | I21: - | J21: 51207 | K21: 64.6 | L21: 23.4 | M21: -
A22: Campania | B22: 0 | C22: - | D22: 0 | E22: - | F22: 424541 | G22: 36.8 | H22: 76.9 | I22: - | J22: 482824 | K22: 26.4 | L22: 52.8 | M22: -
A23: Puglia | B23: 0 | C23: - | D23: 0 | E23: - | F23: 175805 | G23: 53.4 | H23: 113.2 | I23: - | J23: 873731 | K23: 20.6 | L23: 31.5 | M23: -
A24: Basilicata | B24: 0 | C24: - | D24: 0 | E24: - | F24: 128722 | G24: 43.9 | H24: 49.3 | I24: - | J24: 302381 | K24: 24.7 | L24: 33.8 | M24: -
A25: Calabria | B25: 0 | C25: - | D25: 0 | E25: - | F25: 6116430 | G25: 11 | H25: 83.3 | I25: - | J25: 829520 | K25: 23.5 | L25: 47.5 | M25: -
A26: Sicilia | B26: 0 | C26: - | D26: 0 | E26: - | F26: 275664 | G26: 29.4 | H26: 36.8 | I26: - | J26: 1898380 | K26: 20.6 | L26: 41.9 | M26: -
A27: Sardegna | B27: 0 | C27: - | D27: 0 | E27: - | F27: 240180 | G27: 43.9 | H27: 46 | I27: - | J27: 962171 | K27: 17.2 | L27: 27.8 | M27: -
A28: Italia | B28: 9676411 | C28: 6.9 | D28: 65 | E28: 4.9 | F28: 17360512 | G28: 6.4 | H28: 75.4 | I28: 5 | J28: 10522760 | K28: 7.4 | L28: 43.7 | M28: 6.4
A30: Forest types, carbon stock in the aboveground tree biomass
A31: Categorie forestali, carbonio nella fitomassa arborea epigea

Sheet 2015_3di6
A1: Tab. 1.13.2 - Total value and value per hectare of carbon stock in the aboveground tree biomass by Tall trees forest type (part 3 of 6) / Valori totali e per ettaro di carbonio nella fitomassa arborea epigea per le categorie forestali dei Boschi alti (parte 3 di 6).
A3: Region / Regione | B3: Other coniferous forests | F3: Beech | J3: Temperate oaks
B4: Altri boschi di conifere, pure o miste | F4: Faggete | J4: Querceti di rovere, roverella e farnia
B5: Corg | C5: ES | D5: Corg | E5: ES | F5: Corg | G5: ES | H5: Corg | I5: ES | J5: Corg | K5: ES | L5: Corg | M5: ES
B6: (Mg) | C6: (%) | D6: (Mg ha-1) | E6: (%) | F6: (Mg) | G6: (%) | H6: (Mg ha-1) | I6: (%) | J6: (Mg) | K6: (%) | L6: (Mg ha-1) | M6: (%)
A7: Piemonte | B7: 359793 | C7: 35 | D7: 55.7 | E7: - | F7: 9483704 | G7: 7.9 | H7: 81 | I7: - | J7: 3067021 | K7: 14.6 | L7: 40.3 | M7: -
A8: Valle d'Aosta | B8: 0 | C8: - | D8: 0 | E8: - | F8: 133438 | G8: 67.5 | H8: 115.4 | I8: - | J8: 198339 | K8: 37.9 | L8: 46.8 | M8: -
A9: Lombardia | B9: 424298 | C9: 39.1 | D9: 66.8 | E9: - | F9: 5682482 | G9: 12.4 | H9: 85.3 | I9: - | J9: 2180586 | K9: 15.5 | L9: 53.1 | M9: -
A10: Alto Adige | B10: 0 | C10: - | D10: 0 | E10: - | F10: 339820 | G10: 31.4 | H10: 81.7 | I10: - | J10: 212309 | K10: 32.1 | L10: 46.8 | M10: -
A11: Trentino | B11: 0 | C11: - | D11: 0 | E11: - | F11: 5352453 | G11: 10.6 | H11: 85.5 | I11: - | J11: 299558 | K11: 33.4 | L11: 52 | M11: -
A12: Veneto | B12: 0 | C12: - | D12: 0 | E12: - | F12: 6770380 | G12: 10.9 | H12: 100.1 | I12: - | J12: 965089 | K12: 19 | L12: 61.7 | M12: -
A13: Friuli V.G. | B13: 85793 | C13: 67.5 | D13: 76.9 | E13: - | F13: 9477134 | G13: 9.8 | H13: 104.6 | I13: - | J13: 391761 | K13: 28 | L13: 47.9 | M13: -
A14: Liguria | B14: 49141 | C14: 100 | D14: 134.1 | E14: - | F14: 3711434 | G14: 11.4 | H14: 100.3 | I14: - | J14: 1743619 | K14: 15.1 | L14: 39.8 | M14: -
A15: Emilia Romagna | B15: 202243 | C15: 33.6 | D15: 61 | E15: - | F15: 9653102 | G15: 8.9 | H15: 94.2 | I15: - | J15: 2472515 | K15: 11.7 | L15: 32.1 | M15: -
A16: Toscana | B16: 1214453 | C16: 23.6 | D16: 102.1 | E16: - | F16: 8623683 | G16: 9.5 | H16: 117.6 | I16: - | J16: 5604329 | K16: 8.3 | L16: 36.8 | M16: -
A17: Umbria | B17: 178012 | C17: 46.4 | D17: 96.6 | E17: - | F17: 1212736 | G17: 20.5 | H17: 73.4 | I17: - | J17: 2811149 | K17: 11.9 | L17: 27.9 | M17: -
A18: Marche | B18: 187337 | C18: 31.8 | D18: 33.1 | E18: - | F18: 1443868 | G18: 21.7 | H18: 81.2 | I18: - | J18: 2141135 | K18: 15.2 | L18: 34.7 | M18: -
A19: Lazio | B19: 152800 | C19: 58.4 | D19: 103.7 | E19: - | F19: 8610198 | G19: 10.5 | H19: 115.7 | I19: - | J19: 2430657 | K19: 13.9 | L19: 29.7 | M19: -
A20: Abruzzo | B20: 109941 | C20: 66 | D20: 50.6 | E20: - | F20: 13708000 | G20: 6.9 | H20: 110.1 | I20: - | J20: 3171641 | K20: 10.3 | L20: 36.1 | M20: -
A21: Molise | B21: 0 | C21: - | D21: 0 | E21: - | F21: 1980929 | G21: 18.5 | H21: 133.5 | I21: - | J21: 1648050 | K21: 15.6 | L21: 34.2 | M21: -
A22: Campania | B22: 14621 | C22: 61.3 | D22: 16.9 | E22: - | F22: 8092394 | G22: 11.8 | H22: 143.9 | I22: - | J22: 1776170 | K22: 13.8 | L22: 29.1 | M22: -
A23: Puglia | B23: 148084 | C23: 49.7 | D23: 63.5 | E23: - | F23: 714401 | G23: 31.4 | H23: 153.3 | I23: - | J23: 909360 | K23: 22.3 | L23: 35.2 | M23: -
A24: Basilicata | B24: 230039 | C24: 37.5 | D24: 44.7 | E24: - | F24: 3453034 | G24: 16.3 | H24: 128.7 | I24: - | J24: 1118551 | K24: 16.2 | L24: 26 | M24: -
A25: Calabria | B25: 1366051 | C25: 22.9 | D25: 108.8 | E25: - | F25: 12143057 | G25: 8.2 | H25: 152.9 | I25: - | J25: 2086837 | K25: 19.6 | L25: 38.8 | M25: -
A26: Sicilia | B26: 383546 | C26: 30.3 | D26: 41.2 | E26: - | F26: 1289391 | G26: 19.1 | H26: 85 | I26: - | J26: 2156623 | K26: 15.2 | L26: 30 | M26: -
A27: Sardegna | B27: 459624 | C27: 28.1 | D27: 35.2 | E27: - | F27: 0 | G27: - | H27: 0 | I27: - | J27: 1969679 | K27: 12.2 | L27: 22.4 | M27: -
A28: Italia | B28: 5565774 | C28: 9.8 | D28: 66.3 | E28: 8.1 | F28: 111875640 | G28: 2.6 | H28: 106.2 | I28: 2 | J28: 39354980 | K28: 3.3 | L28: 34.2 | M28: 2.9
A30: Forest types, carbon stock in the aboveground tree biomass
A31: Categorie forestali, carbonio nella fitomassa arborea epigea

Sheet 2015_4di6
A1: Tab. 1.13.2 - Total value and value per hectare of carbon stock in the aboveground tree biomass by Tall trees forest type (part 4 of 6) / Valori totali e per ettaro di carbonio nella fitomassa arborea epigea per le categorie forestali dei Boschi alti (parte 4 di 6).
A3: Region / Regione | B3: Mediterranean oaks | F3: Chestnut | J3: Hornbeam and Hophornbeam
B4: Cerrete, boschi di farnetto, fragno e vallonea | F4: Castagneti | J4: Ostrieti, carpineti
B5: Corg | C5: ES | D5: Corg | E5: ES | F5: Corg | G5: ES | H5: Corg | I5: ES | J5: Corg | K5: ES | L5: Corg | M5: ES
B6: (Mg) | C6: (%) | D6: (Mg ha-1) | E6: (%) | F6: (Mg) | G6: (%) | H6: (Mg ha-1) | I6: (%) | J6: (Mg) | K6: (%) | L6: (Mg ha-1) | M6: (%)
A7: Piemonte | B7: 492817 | C7: 28.9 | D7: 81.3 | E7: - | F7: 11019448 | G7: 6.5 | H7: 67.3 | I7: - | J7: 669681 | K7: 21 | L7: 41.4 | M7: -
A8: Valle d'Aosta | B8: 0 | C8: - | D8: 0 | E8: - | F8: 238707 | G8: 32 | H8: 56.3 | I8: - | J8: 0 | K8: - | L8: 0 | M8: -
A9: Lombardia | B9: 167447 | C9: 48.2 | D9: 76 | E9: - | F9: 6812691 | G9: 10 | H9: 83 | I9: - | J9: 2946267 | K9: 12.4 | L9: 36.1 | M9: -
A10: Alto Adige | B10: 0 | C10: - | D10: 0 | E10: - | F10: 124987 | G10: 53.8 | H10: 66.1 | I10: - | J10: 523963 | K10: 22.7 | L10: 59.4 | M10: -
A11: Trentino | B11: 0 | C11: - | D11: 0 | E11: - | F11: 131671 | G11: 56.4 | H11: 91.3 | I11: - | J11: 1855111 | K11: 17.1 | L11: 45.4 | M11: -
A12: Veneto | B12: 0 | C12: - | D12: 0 | E12: - | F12: 981161 | G12: 19.4 | H12: 57 | I12: - | J12: 4433499 | K12: 10.5 | L12: 54.1 | M12: -
A13: Friuli V.G. | B13: 0 | C13: - | D13: 0 | E13: - | F13: 1353065 | G13: 18.6 | H13: 110.3 | I13: - | J13: 2039262 | K13: 16.2 | L13: 43.6 | M13: -
A14: Liguria | B14: 743331 | C14: 21.3 | D14: 66.1 | E14: - | F14: 6424857 | G14: 7.9 | H14: 58.6 | I14: - | J14: 1877628 | K14: 14.6 | L14: 40.6 | M14: -
A15: Emilia Romagna | B15: 4911652 | C15: 11.6 | D15: 48.5 | E15: - | F15: 2685483 | G15: 12.4 | H15: 66.3 | I15: - | J15: 4616451 | K15: 9.8 | L15: 41.5 | M15: -
A16: Toscana | B16: 11182837 | C16: 7 | D16: 44.6 | E16: - | F16: 10041810 | G16: 7.2 | H16: 64.3 | I16: - | J16: 3118463 | K16: 11.9 | L16: 48.2 | M16: -
A17: Umbria | B17: 5184402 | C17: 9.5 | D17: 40.3 | E17: - | F17: 105240 | G17: 49.4 | H17: 47.6 | I17: - | J17: 1734302 | K17: 13.4 | L17: 29.6 | M17: -
A18: Marche | B18: 1486397 | C18: 21.5 | D18: 60.1 | E18: - | F18: 240720 | G18: 34.9 | H18: 65 | I18: - | J18: 2453564 | K18: 11.4 | L18: 32.2 | M18: -
A19: Lazio | B19: 7072562 | C19: 10.4 | D19: 53.4 | E19: - | F19: 1988704 | G19: 17.4 | H19: 55.6 | I19: - | J19: 3621142 | K19: 10.4 | L19: 37 | M19: -
A20: Abruzzo | B20: 1821851 | C20: 16.9 | D20: 56.7 | E20: - | F20: 332968 | G20: 28.9 | H20: 70.8 | I20: - | J20: 1859831 | K20: 14.4 | L20: 38.8 | M20: -
A21: Molise | B21: 2892205 | C21: 15.7 | D21: 55.6 | E21: - | F21: 22565 | G21: 100 | H21: 57.8 | I21: - | J21: 525174 | K21: 23 | L21: 58.5 | M21: -
A22: Campania | B22: 3798068 | C22: 15.8 | D22: 50.9 | E22: - | F22: 1899607 | G22: 14.6 | H22: 33.9 | I22: - | J22: 2251091 | K22: 16.4 | L22: 42.4 | M22: -
A23: Puglia | B23: 1593687 | C23: 20.3 | D23: 41.2 | E23: - | F23: 63349 | G23: 57.7 | H23: 54.4 | I23: - | J23: 227073 | K23: 34.9 | L23: 48.7 | M23: -
A24: Basilicata | B24: 6409429 | C24: 10.4 | D24: 49 | E24: - | F24: 358274 | G24: 32.8 | H24: 60.2 | I24: - | J24: 324867 | K24: 26.3 | L24: 45.9 | M24: -
A25: Calabria | B25: 3501031 | C25: 15.2 | D25: 80.3 | E25: - | F25: 2948720 | G25: 16.1 | H25: 42.8 | I25: - | J25: 62579 | K25: 86.9 | L25: 14 | M25: -
A26: Sicilia | B26: 1382448 | C26: 17.2 | D26: 44.6 | E26: - | F26: 408285 | G26: 27.9 | H26: 46.8 | I26: - | J26: 28898 | K26: 69.9 | L26: 16.6 | M26: -
A27: Sardegna | B27: 0 | C27: - | D27: 0 | E27: - | F27: 82088 | G27: 46.9 | H27: 44 | I27: - | J27: 0 | K27: - | L27: 0 | M27: -
A28: Italia | B28: 52640165 | C28: 3.5 | D28: 49.7 | E28: 3.1 | F28: 48264400 | G28: 3.2 | H28: 62 | I28: 2.5 | J28: 35168847 | K28: 3.5 | L28: 40.9 | M28: 2.9
A30: Forest types, carbon stock in the aboveground tree biomass
A31: Categorie forestali, carbonio nella fitomassa arborea epigea

Sheet 2015_5di6
A1: Tab. 1.13.2 - Total value and value per hectare of carbon stock in the aboveground tree biomass by Tall trees forest type (part 5 of 6) / Valori totali e per ettaro di carbonio nella fitomassa arborea epigea per le categorie forestali dei Boschi alti (parte 5 di 6).
A3: Region / Regione | B3: Hygrophilous forests | F3: Other deciduous broadleaved forests | J3: Holm oak
B4: Boschi igrofili | F4: Altri boschi caducifogli | J4: Leccete
B5: Corg | C5: ES | D5: Corg | E5: ES | F5: Corg | G5: ES | H5: Corg | I5: ES | J5: Corg | K5: ES | L5: Corg | M5: ES
B6: (Mg) | C6: (%) | D6: (Mg ha-1) | E6: (%) | F6: (Mg) | G6: (%) | H6: (Mg ha-1) | I6: (%) | J6: (Mg) | K6: (%) | L6: (Mg ha-1) | M6: (%)
A7: Piemonte | B7: 925168 | C7: 21.6 | D7: 40.7 | E7: - | F7: 14436696 | G7: 5.6 | H7: 44.6 | I7: - | J7: 0 | K7: - | L7: 0 | M7: -
A8: Valle d'Aosta | B8: 0 | C8: - | D8: 0 | E8: - | F8: 362813 | G8: 26.9 | H8: 34.5 | I8: - | J8: 0 | K8: - | L8: 0 | M8: -
A9: Lombardia | B9: 784031 | C9: 20.5 | D9: 41.6 | E9: - | F9: 6378800 | G9: 9.8 | H9: 52.7 | I9: - | J9: 0 | K9: - | L9: 0 | M9: -
A10: Alto Adige | B10: 133684 | C10: 39.5 | D10: 48.7 | E10: - | F10: 247895 | G10: 38.5 | H10: 70.2 | I10: - | J10: 0 | K10: - | L10: 0 | M10: -
A11: Trentino | B11: 259270 | C11: 49.4 | D11: 67.2 | E11: - | F11: 878262 | G11: 20 | H11: 53.3 | I11: - | J11: 4633 | K11: 100 | L11: 12.9 | M11: -
A12: Veneto | B12: 298064 | C12: 27.6 | D12: 28.6 | E12: - | F12: 2164535 | G12: 12.8 | H12: 41.3 | I12: - | J12: 196471 | K12: 42.4 | L12: 65.7 | M12: -
A13: Friuli V.G. | B13: 255774 | C13: 25.4 | D13: 20.3 | E13: - | F13: 2819768 | G13: 13.1 | H13: 59.4 | I13: - | J13: 0 | K13: - | L13: 0 | M13: -
A14: Liguria | B14: 206381 | C14: 43.3 | D14: 62.6 | E14: - | F14: 1133589 | G14: 17.2 | H14: 35.6 | I14: - | J14: 577695 | K14: 23.1 | L14: 41.5 | M14: -
A15: Emilia Romagna | B15: 806866 | C15: 21.5 | D15: 28.6 | E15: - | F15: 3303365 | G15: 14.2 | H15: 38.2 | I15: - | J15: 54828 | K15: 72.8 | L15: 74.4 | M15: -
A16: Toscana | B16: 1288226 | C16: 17.8 | D16: 46.4 | E16: - | F16: 3779307 | G16: 11.6 | H16: 44.7 | I16: - | J16: 5807392 | K16: 8.5 | L16: 44.8 | M16: -
A17: Umbria | B17: 435681 | C17: 40.3 | D17: 54.2 | E17: - | F17: 318314 | G17: 30.4 | H17: 28.2 | I17: - | J17: 2181800 | K17: 14.2 | L17: 52.8 | M17: -
A18: Marche | B18: 671704 | C18: 23.2 | D18: 52.1 | E18: - | F18: 1920642 | G18: 15.3 | H18: 30.9 | I18: - | J18: 371611 | K18: 27.7 | L18: 52.8 | M18: -
A19: Lazio | B19: 304617 | C19: 28.5 | D19: 33.1 | E19: - | F19: 1737858 | G19: 20.6 | H19: 32.2 | I19: - | J19: 1911020 | K19: 19.5 | L19: 39.6 | M19: -
A20: Abruzzo | B20: 681347 | C20: 22.2 | D20: 34.3 | E20: - | F20: 1495296 | G20: 20.4 | H20: 26.5 | I20: - | J20: 348678 | K20: 32 | L20: 40.1 | M20: -
A21: Molise | B21: 192834 | C21: 29.7 | D21: 21.3 | E21: - | F21: 396164 | G21: 28 | H21: 38.7 | I21: - | J21: 16856 | K21: 82.8 | L21: 14.4 | M21: -
A22: Campania | B22: 498320 | C22: 33.2 | D22: 45.1 | E22: - | F22: 1305974 | G22: 18.6 | H22: 38 | I22: - | J22: 1596737 | K22: 18.1 | L22: 42.6 | M22: -
A23: Puglia | B23: 14612 | C23: 100 | D23: 37.6 | E23: - | F23: 801705 | G23: 31 | H23: 69.5 | I23: - | J23: 607854 | K23: 28.2 | L23: 35 | M23: -
A24: Basilicata | B24: 234373 | C24: 29.5 | D24: 18.1 | E24: - | F24: 984134 | G24: 19.3 | H24: 32.9 | I24: - | J24: 285957 | K24: 33 | L24: 27.6 | M24: -
A25: Calabria | B25: 478774 | C25: 30.1 | D25: 37.2 | E25: - | F25: 2133708 | G25: 19.1 | H25: 47.3 | I25: - | J25: 4687637 | K25: 25.6 | L25: 96.3 | M25: -
... A27: Sardegna | B27: 69631 | C27: 36 | D27: 20.7 | E27: - | F27: 33495 | G27: 30.4 | H27: 4.3 | I27: - | J27: 9617810 | K27: 8.3 | L27: 37.6 | M27: -
A28: Italia | B28: 8623644 | C28: 6.7 | D28: 36.7 | E28: 5.1 | F28: 46992542 | G28: 3.3 | H28: 42.2 | I28: 2.8 | J28: 29525370 | K28: 5.7 | L28: 45.9 | M28: 5.2
A30: Forest types, carbon stock in the aboveground tree biomass
A31: Categorie forestali, carbonio nella fitomassa arborea epigea

Sheet 2015_6di6
A1: Tab. 1.13.2 - Total value and value per hectare of carbon stock in the aboveground tree biomass by Tall trees forest type (part 6 of 6) / Valori totali e per ettaro di carbonio nella fitomassa arborea epigea per le categorie forestali dei Boschi alti (parte 6 di 6).
A3: Region / Regione | B3: Cork oak | F3: Other evergreen broadleaved forests | J3: Not classified | N3: Total Tall trees forest
B4: Sugherete | F4: Altri boschi di latifoglie sempreverdi | J4: Non classificato | N4: Totale Boschi alti
B5: Corg | C5: ES | D5: Corg | E5: ES | F5: Corg | G5: ES | H5: Corg | I5: ES | J5: Corg | K5: ES | L5: Corg | M5: ES | N5: Corg | O5: ES | P5: Corg | Q5: ES
B6: (Mg) | C6: (%) | D6: (Mg ha-1) | E6: (%) | F6: (Mg) | G6: (%) | H6: (Mg ha-1) | I6: (%) | J6: (Mg) | K6: (%) | L6: (Mg ha-1) | M6: (%) | N6: (Mg) | O6: (%) | P6: (Mg ha-1) | Q6: (%)
A7: Piemonte | B7: 0 | C7: - | D7: 0 | E7: - | F7: 0 | G7: - | H7: 0 | I7: - | J7: 6438 | K7: 100 | L7: 12.7 | M7: - | N7: 49309246 | O7: 2.8 | P7: 56.7 | Q7: 2.4
A8: Valle d'Aosta | B8: 0 | C8: - | D8: 0 | E8: - | F8: 0 | G8: - | H8: 0 | I8: - | J8: 0 | K8: - | L8: 0 | M8: - | N8: 5613974 | O8: 6.9 | P8: 56.6 | Q8: 5.6
A9: Lombardia | B9: 0 | C9: - | D9: 0 | E9: - | F9: 58486 | G9: 62.9 | H9: 25.5 | I9: - | J9: 5951 | K9: 100 | L9: 13.5 | M9: - | N9: 40802587 | O9: 3.7 | P9: 68.4 | Q9: 3.2
A10: Alto Adige | B10: 0 | C10: - | D10: 0 | E10: - | F10: 0 | G10: - | H10: 0 | I10: - | J10: 26732 | K10: 76.7 | L10: 17.7 | M10: - | N10: 30753986 | O10: 4.3 | P10: 90.6 | Q10: 3.9
A11: Trentino | B11: 0 | C11: - | D11: 0 | E11: - | F11: 0 | G11: - | H11: 0 | I11: - | J11: 0 | K11: - | L11: 0 | M11: - | N11: 31919035 | O11: 4.3 | P11: 85.5 | Q11: 4
A12: Veneto | B12: 0 | C12: - | D12: 0 | E12: - | F12: 0 | G12: - | H12: 0 | I12: - | J12: 0 | K12: - | L12: 0 | M12: - | N12: 30725695 | O12: 4 | P12: 74.7 | Q12: 3.3
A13: Friuli V.G. | B13: 0 | C13: - | D13: 0 | E13: - | F13: 0 | G13: - | H13: 0 | I13: - | J13: 0 | K13: - | L13: 0 | M13: - | N13: 25835420 | O13: 4.8 | P13: 79.9 | Q13: 4.3
A14: Liguria | B14: 0 | C14: - | D14: 0 | E14: - | F14: 0 | G14: - | H14: 0 | I14: - | J14: 1521 | K14: 70.7 | L14: 2.1 | M14: - | N14: 18424200 | O14: 4.1 | P14: 53.7 | Q14: 3.9
A15: Emilia Romagna | B15: 0 | C15: - | D15: 0 | E15: - | F15: 0 | G15: - | H15: 0 | I15: - | J15: 0 | K15: - | L15: 0 | M15: - | N15: 31431271 | O15: 4 | P15: 54.3 | Q15: 3.6
A16: Toscana | B16: 285331 | C16: 30.2 | D16: 46.5 | E16: - | F16: 20639 | G16: 62.7 | H16: 14.3 | I16: - | J16: 44312 | K16: 70.7 | L16: 61.3 | M16: - | N16: 57527526 | O16: 2.9 | P16: 55.9 | Q16: 2.6
A17: Umbria | B17: 0 | C17: - | D17: 0 | E17: - | F17: 0 | G17: - | H17: 0 | I17: - | J17: 0 | K17: - | L17: 0 | M17: - | N17: 14901993 | O17: 4.8 | P17: 38.8 | Q17: 4.4
A18: Marche | B18: 0 | C18: - | D18: 0 | E18: - | F18: 0 | G18: - | H18: 0 | I18: - | J18: 0 | K18: - | L18: 0 | M18: - | N18: 11584899 | O18: 5.7 | P18: 40.7 | Q18: 5.1
A19: Lazio | B19: 102982 | C19: 53.4 | D19: 39.9 | E19: - | F19: 43341 | G19: 91.8 | H19: 16.8 | I19: - | J19: 75047 | K19: 53 | L19: 56.2 | M19: - | N19: 29133317 | O19: 4.6 | P19: 52.2 | Q19: 4.2
A20: Abruzzo | B20: 0 | C20: - | D20: 0 | E20: - | F20: 30477 | G20: 100 | H20: 21.7 | I20: - | J20: 1690 | K20: 100 | L20: 4.7 | M20: - | N20: 24925479 | O20: 4.3 | P20: 61 | Q20: 3.9
A21: Molise | B21: 0 | C21: - | D21: 0 | E21: - | F21: 0 | G21: - | H21: 0 | I21: - | J21: 0 | K21: - | L21: 0 | M21: - | N21: 7957709 | O21: 7.5 | P21: 52.9 | Q21: 6.8
A22: Campania | B22: 27920 | C22: 100 | D22: 75.8 | E22: - | F22: 3116 | G22: 70.7 | H22: 4.2 | I22: - | J22: 22625 | K22: 100 | L22: 61.4 | M22: - | N22: 22194010 | O22: 5.6 | P22: 55.4 | Q22: 5.2
A23: Puglia | B23: 0 | C23: - | D23: 0 | E23: - | F23: 136591 | G23: 33 | H23: 26.5 | I23: - | J23: 42255 | K23: 62.3 | L23: 37.5 | M23: - | N23: 6308507 | O23: 8.6 | P23: 44.3 | Q23: 7.4
A24: Basilicata | B24: 0 | C24: - | D24: 0 | E24: - | F24: 64445 | G24: 95.9 | H24: 34.6 | I24: - | J24: 16518 | K24: 100 | L24: 47.6 | M24: - | N24: 14000271 | O24: 6.3 | P24: 48.9 | Q24: 5.9
A25: Calabria | B25: 297354 | C25: 42.2 | D25: 56.9 | E25: - | F25: 330950 | G25: 34.2 | H25: 15.7 | I25: - | J25: 104715 | K25: 40.8 | L25: 46.8 | M25: - | N25: 37479082 | O25: 5 | P25: 76.1 | Q25: 4.6
A26: Sicilia | B26: 284432 | C26: 24.3 | D26: 16.5 | E26: - | F26: 881276 | G26: 16.6 | H26: 22.5 | I26: - | J26: 0 | K26: - | L26: 0 | M26: - | N26: 10691845 | O26: 6.3 | P26: 37.6 | Q26: 5.6
A27: Sardegna | B27: 3955393 | C27: 8.9 | D27: 25.9 | E27: - | F27: 454760 | G27: 22.2 | H27: 12 | I27: - | J27: 781 | K27: 100 | L27: 2.1 | M27: - | N27: 17845610 | O27: 5.2 | P27: 29.7 | Q27: 4.9
A28: Italia | B28: 4953412 | C28: 7.9 | D28: 26.9 | E28: 6.7 | F28: 2024081 | G28: 11.5 | H28: 17.8 | I28: 9.9 | J28: 348586 | K28: 22.9 | L28: 34.6 | M28: 12.7 | N28: 519365662 | O28: 1 | P28: 58 | Q28: 0.9
A30: Forest types, carbon stock in the aboveground tree biomass
A31: Categorie forestali, carbonio nella fitomassa arborea epigea
